{
  "project_info": {
    "project_number": "1082778494062",
    "project_id": "tabsinfo-77d7a",
    "storage_bucket": "tabsinfo-77d7a.appspot.com"
  },
  "client": [
    {
      "client_info": {
        "mobilesdk_app_id": "1:1082778494062:android:559dafbca388db0de0727f",
        "android_client_info": {
          "package_name": "com.tommy.tabsinfo"
        }
      },
      "oauth_client": [
        {
          "client_id": "1082778494062-1bpo0jj7sd0obagmcqmjaq6qfal4o7qn.apps.googleusercontent.com",
          "client_type": 3
        }
      ],
      "api_key": [
        {
          "current_key": "AIzaSyDUj7gt_xyvrIEYAaL5D81kOT1gGwk0pNg"
        }
      ],
      "services": {
        "appinvite_service": {
          "other_platform_oauth_client": [
            {
              "client_id": "1082778494062-1bpo0jj7sd0obagmcqmjaq6qfal4o7qn.apps.googleusercontent.com",
              "client_type": 3
            }
          ]
        }
      }
    }
  ],
  "configuration_version": "1"
}